ProductID,ProductName,Category,Brand,Price
1,Product_1,Accessories,Brand_2,1853
2,Product_2,Electronics,Brand_26,363
3,Product_3,Accessories,Brand_46,1767
4,Product_4,Accessories,Brand_44,924
5,Product_5,Home,Brand_37,33
6,Product_6,Accessories,Brand_10,1886
7,Product_7,Home,Brand_38,1267
8,Product_8,Electronics,Brand_17,1091
9,Product_9,Home,Brand_12,611
10,Product_10,Home,Brand_47,1014
11,Product_11,Accessories,Brand_9,1683
12,Product_12,Accessories,Brand_21,559
13,Product_13,Electronics,Brand_28,1003
14,Product_14,Electronics,Brand_11,1348
15,Product_15,Electronics,Brand_28,1992
16,Product_16,Accessories,Brand_42,340
17,Product_17,Accessories,Brand_17,546
18,Product_18,Electronics,Brand_45,198
19,Product_19,Accessories,Brand_38,1880
20,Product_20,Accessories,Brand_38,412
21,Product_21,Electronics,Brand_14,1288
22,Product_22,Home,Brand_17,1411
23,Product_23,Accessories,Brand_45,1428
24,Product_24,Home,Brand_8,85
25,Product_25,Accessories,Brand_3,819
26,Product_26,Accessories,Brand_24,533
27,Product_27,Electronics,Brand_27,415
28,Product_28,Home,Brand_34,1312
29,Product_29,Electronics,Brand_17,468
30,Product_30,Electronics,Brand_6,1553
31,Product_31,Home,Brand_24,1286
32,Product_32,Electronics,Brand_45,1259
33,Product_33,Accessories,Brand_21,1711
34,Product_34,Accessories,Brand_26,1282
35,Product_35,Electronics,Brand_42,1435
36,Product_36,Electronics,Brand_30,746
37,Product_37,Home,Brand_24,1125
38,Product_38,Accessories,Brand_39,438
39,Product_39,Accessories,Brand_44,1661
40,Product_40,Accessories,Brand_11,613
41,Product_41,Electronics,Brand_36,1961
42,Product_42,Accessories,Brand_17,792
43,Product_43,Electronics,Brand_44,901
44,Product_44,Home,Brand_48,1656
45,Product_45,Electronics,Brand_44,1763
46,Product_46,Electronics,Brand_32,1254
47,Product_47,Home,Brand_50,229
48,Product_48,Electronics,Brand_31,405
49,Product_49,Electronics,Brand_37,155
50,Product_50,Electronics,Brand_48,528
51,Product_51,Accessories,Brand_28,143
52,Product_52,Home,Brand_15,1518
53,Product_53,Home,Brand_36,349
54,Product_54,Home,Brand_48,1284
55,Product_55,Electronics,Brand_1,1031
56,Product_56,Accessories,Brand_30,37
57,Product_57,Home,Brand_45,442
58,Product_58,Home,Brand_22,467
59,Product_59,Electronics,Brand_4,751
60,Product_60,Home,Brand_29,725
61,Product_61,Accessories,Brand_31,892
62,Product_62,Home,Brand_29,1051
63,Product_63,Electronics,Brand_14,769
64,Product_64,Accessories,Brand_43,416
65,Product_65,Home,Brand_11,1206
66,Product_66,Accessories,Brand_40,669
67,Product_67,Accessories,Brand_21,289
68,Product_68,Electronics,Brand_8,1664
69,Product_69,Accessories,Brand_28,1288
70,Product_70,Accessories,Brand_1,108
71,Product_71,Accessories,Brand_12,1404
72,Product_72,Electronics,Brand_20,442
73,Product_73,Home,Brand_41,1723
74,Product_74,Accessories,Brand_46,1396
75,Product_75,Accessories,Brand_27,1959
76,Product_76,Home,Brand_3,1565
77,Product_77,Electronics,Brand_40,1105
78,Product_78,Electronics,Brand_45,1013
79,Product_79,Electronics,Brand_17,408
80,Product_80,Electronics,Brand_12,1289
81,Product_81,Home,Brand_18,1942
82,Product_82,Home,Brand_41,703
83,Product_83,Electronics,Brand_32,1327
84,Product_84,Electronics,Brand_32,800
85,Product_85,Home,Brand_16,893
86,Product_86,Home,Brand_12,168
87,Product_87,Home,Brand_29,1192
88,Product_88,Electronics,Brand_22,1060
89,Product_89,Home,Brand_5,1631
90,Product_90,Electronics,Brand_20,998
91,Product_91,Home,Brand_21,1409
92,Product_92,Electronics,Brand_39,1915
93,Product_93,Home,Brand_40,1690
94,Product_94,Accessories,Brand_16,838
95,Product_95,Electronics,Brand_19,1002
96,Product_96,Home,Brand_22,1914
97,Product_97,Accessories,Brand_18,1413
98,Product_98,Accessories,Brand_19,50
99,Product_99,Accessories,Brand_48,1534
100,Product_100,Accessories,Brand_50,618
101,Product_101,Accessories,Brand_42,1345
102,Product_102,Accessories,Brand_29,276
103,Product_103,Accessories,Brand_48,1186
104,Product_104,Electronics,Brand_44,1849
105,Product_105,Accessories,Brand_29,1574
106,Product_106,Electronics,Brand_19,1633
107,Product_107,Home,Brand_45,1005
108,Product_108,Home,Brand_14,1483
109,Product_109,Accessories,Brand_34,353
110,Product_110,Home,Brand_9,1980
111,Product_111,Accessories,Brand_26,675
112,Product_112,Home,Brand_25,87
113,Product_113,Home,Brand_32,1740
114,Product_114,Electronics,Brand_43,52
115,Product_115,Home,Brand_49,1246
116,Product_116,Electronics,Brand_29,1929
117,Product_117,Home,Brand_26,875
118,Product_118,Home,Brand_22,1926
119,Product_119,Home,Brand_8,1227
120,Product_120,Home,Brand_18,246
121,Product_121,Home,Brand_4,1058
122,Product_122,Home,Brand_9,514
123,Product_123,Accessories,Brand_24,1019
124,Product_124,Home,Brand_7,915
125,Product_125,Home,Brand_27,430
126,Product_126,Home,Brand_4,989
127,Product_127,Home,Brand_36,1815
128,Product_128,Accessories,Brand_33,1402
129,Product_129,Accessories,Brand_3,450
130,Product_130,Accessories,Brand_48,986
131,Product_131,Home,Brand_8,352
132,Product_132,Electronics,Brand_45,203
133,Product_133,Home,Brand_35,929
134,Product_134,Electronics,Brand_5,918
135,Product_135,Electronics,Brand_35,1099
136,Product_136,Home,Brand_24,381
137,Product_137,Accessories,Brand_22,1177
138,Product_138,Home,Brand_21,972
139,Product_139,Electronics,Brand_3,711
140,Product_140,Electronics,Brand_8,343
141,Product_141,Electronics,Brand_24,126
142,Product_142,Home,Brand_5,52
143,Product_143,Electronics,Brand_19,1483
144,Product_144,Home,Brand_17,1104
145,Product_145,Electronics,Brand_46,650
146,Product_146,Accessories,Brand_44,1172
147,Product_147,Electronics,Brand_35,517
148,Product_148,Electronics,Brand_14,1189
149,Product_149,Home,Brand_19,147
150,Product_150,Electronics,Brand_17,1833
151,Product_151,Home,Brand_4,1189
152,Product_152,Home,Brand_15,1746
153,Product_153,Electronics,Brand_32,1452
154,Product_154,Electronics,Brand_23,1047
155,Product_155,Accessories,Brand_33,578
156,Product_156,Electronics,Brand_10,665
157,Product_157,Electronics,Brand_21,1155
158,Product_158,Home,Brand_29,1358
159,Product_159,Accessories,Brand_21,1742
160,Product_160,Home,Brand_31,1934
161,Product_161,Accessories,Brand_49,1002
162,Product_162,Electronics,Brand_28,209
163,Product_163,Home,Brand_31,1652
164,Product_164,Electronics,Brand_8,1337
165,Product_165,Accessories,Brand_23,1057
166,Product_166,Electronics,Brand_24,1147
167,Product_167,Electronics,Brand_8,1457
168,Product_168,Accessories,Brand_5,1266
169,Product_169,Home,Brand_30,960
170,Product_170,Home,Brand_29,1807
171,Product_171,Accessories,Brand_15,1426
172,Product_172,Accessories,Brand_21,259
173,Product_173,Electronics,Brand_43,112
174,Product_174,Electronics,Brand_23,351
175,Product_175,Home,Brand_34,1911
176,Product_176,Home,Brand_29,298
177,Product_177,Accessories,Brand_24,1558
178,Product_178,Accessories,Brand_29,202
179,Product_179,Home,Brand_31,1286
180,Product_180,Accessories,Brand_14,1317
181,Product_181,Home,Brand_23,1659
182,Product_182,Electronics,Brand_24,83
183,Product_183,Electronics,Brand_9,998
184,Product_184,Accessories,Brand_18,897
185,Product_185,Electronics,Brand_2,543
186,Product_186,Home,Brand_48,1003
187,Product_187,Accessories,Brand_32,978
188,Product_188,Accessories,Brand_50,1924
189,Product_189,Accessories,Brand_45,563
190,Product_190,Home,Brand_7,702
191,Product_191,Home,Brand_23,1786
192,Product_192,Electronics,Brand_1,1820
193,Product_193,Accessories,Brand_43,565
194,Product_194,Electronics,Brand_32,1573
195,Product_195,Home,Brand_25,981
196,Product_196,Accessories,Brand_23,1590
197,Product_197,Home,Brand_23,1727
198,Product_198,Electronics,Brand_40,875
199,Product_199,Accessories,Brand_21,1710
200,Product_200,Accessories,Brand_5,474
201,Product_201,Electronics,Brand_47,549
202,Product_202,Accessories,Brand_28,672
203,Product_203,Home,Brand_29,565
204,Product_204,Home,Brand_36,1813
205,Product_205,Electronics,Brand_13,1709
206,Product_206,Electronics,Brand_16,1550
207,Product_207,Accessories,Brand_29,1943
208,Product_208,Electronics,Brand_46,391
209,Product_209,Home,Brand_11,1912
210,Product_210,Electronics,Brand_40,1338
211,Product_211,Electronics,Brand_48,684
212,Product_212,Accessories,Brand_8,1172
213,Product_213,Accessories,Brand_33,385
214,Product_214,Home,Brand_2,646
215,Product_215,Accessories,Brand_13,422
216,Product_216,Accessories,Brand_22,227
217,Product_217,Accessories,Brand_19,1910
218,Product_218,Accessories,Brand_16,1749
219,Product_219,Electronics,Brand_45,1552
220,Product_220,Accessories,Brand_46,1444
221,Product_221,Accessories,Brand_39,977
222,Product_222,Electronics,Brand_1,1592
223,Product_223,Home,Brand_18,1241
224,Product_224,Home,Brand_29,1382
225,Product_225,Electronics,Brand_32,639
226,Product_226,Home,Brand_15,1926
227,Product_227,Home,Brand_32,1891
228,Product_228,Home,Brand_15,438
229,Product_229,Accessories,Brand_10,1245
230,Product_230,Accessories,Brand_48,843
231,Product_231,Accessories,Brand_21,40
232,Product_232,Accessories,Brand_10,1155
233,Product_233,Accessories,Brand_46,474
234,Product_234,Accessories,Brand_3,1735
235,Product_235,Home,Brand_37,1878
236,Product_236,Home,Brand_20,1436
237,Product_237,Accessories,Brand_12,604
238,Product_238,Home,Brand_44,1988
239,Product_239,Home,Brand_27,1859
240,Product_240,Home,Brand_42,299
241,Product_241,Home,Brand_41,840
242,Product_242,Accessories,Brand_32,1809
243,Product_243,Home,Brand_45,1958
244,Product_244,Accessories,Brand_39,349
245,Product_245,Accessories,Brand_22,1724
246,Product_246,Home,Brand_31,1001
247,Product_247,Electronics,Brand_23,67
248,Product_248,Home,Brand_4,342
249,Product_249,Home,Brand_22,509
250,Product_250,Accessories,Brand_7,1464
251,Product_251,Home,Brand_29,367
252,Product_252,Home,Brand_25,746
253,Product_253,Home,Brand_5,1424
254,Product_254,Electronics,Brand_28,676
255,Product_255,Accessories,Brand_47,649
256,Product_256,Home,Brand_27,132
257,Product_257,Electronics,Brand_27,1792
258,Product_258,Home,Brand_35,1913
259,Product_259,Accessories,Brand_15,632
260,Product_260,Electronics,Brand_28,484
261,Product_261,Electronics,Brand_42,599
262,Product_262,Electronics,Brand_23,17
263,Product_263,Home,Brand_17,771
264,Product_264,Home,Brand_26,342
265,Product_265,Accessories,Brand_43,1877
266,Product_266,Home,Brand_2,1820
267,Product_267,Home,Brand_44,1270
268,Product_268,Accessories,Brand_39,257
269,Product_269,Electronics,Brand_13,610
270,Product_270,Home,Brand_17,1900
271,Product_271,Electronics,Brand_41,612
272,Product_272,Accessories,Brand_31,100
273,Product_273,Accessories,Brand_8,282
274,Product_274,Electronics,Brand_1,248
275,Product_275,Home,Brand_3,453
276,Product_276,Home,Brand_10,1794
277,Product_277,Home,Brand_16,1457
278,Product_278,Accessories,Brand_9,1470
279,Product_279,Home,Brand_22,550
280,Product_280,Home,Brand_34,186
281,Product_281,Electronics,Brand_16,728
282,Product_282,Electronics,Brand_5,1993
283,Product_283,Accessories,Brand_23,911
284,Product_284,Home,Brand_9,1089
285,Product_285,Electronics,Brand_44,891
286,Product_286,Accessories,Brand_31,1992
287,Product_287,Electronics,Brand_28,1341
288,Product_288,Accessories,Brand_40,841
289,Product_289,Electronics,Brand_31,1705
290,Product_290,Home,Brand_3,1027
291,Product_291,Electronics,Brand_14,1729
292,Product_292,Home,Brand_39,753
293,Product_293,Accessories,Brand_50,1374
294,Product_294,Home,Brand_17,695
295,Product_295,Home,Brand_49,357
296,Product_296,Electronics,Brand_34,1776
297,Product_297,Electronics,Brand_46,435
298,Product_298,Home,Brand_10,1629
299,Product_299,Accessories,Brand_9,477
300,Product_300,Home,Brand_25,1922
301,Product_301,Home,Brand_46,300
302,Product_302,Accessories,Brand_8,1634
303,Product_303,Accessories,Brand_6,736
304,Product_304,Electronics,Brand_35,92
305,Product_305,Electronics,Brand_36,940
306,Product_306,Accessories,Brand_16,657
307,Product_307,Home,Brand_32,1716
308,Product_308,Home,Brand_32,1269
309,Product_309,Home,Brand_22,1379
310,Product_310,Home,Brand_30,1147
311,Product_311,Accessories,Brand_1,560
312,Product_312,Home,Brand_26,1061
313,Product_313,Electronics,Brand_18,373
314,Product_314,Home,Brand_13,572
315,Product_315,Home,Brand_23,719
316,Product_316,Home,Brand_24,384
317,Product_317,Accessories,Brand_42,1794
318,Product_318,Home,Brand_40,1311
319,Product_319,Accessories,Brand_29,18
320,Product_320,Accessories,Brand_16,1088
321,Product_321,Accessories,Brand_21,1264
322,Product_322,Accessories,Brand_6,221
323,Product_323,Accessories,Brand_42,246
324,Product_324,Home,Brand_44,895
325,Product_325,Home,Brand_46,385
326,Product_326,Accessories,Brand_40,598
327,Product_327,Accessories,Brand_28,21
328,Product_328,Electronics,Brand_39,1157
329,Product_329,Electronics,Brand_7,942
330,Product_330,Electronics,Brand_50,994
331,Product_331,Home,Brand_9,1092
332,Product_332,Electronics,Brand_12,1551
333,Product_333,Home,Brand_7,1683
334,Product_334,Home,Brand_44,1730
335,Product_335,Home,Brand_2,634
336,Product_336,Home,Brand_49,671
337,Product_337,Electronics,Brand_1,1822
338,Product_338,Accessories,Brand_24,1862
339,Product_339,Electronics,Brand_24,859
340,Product_340,Accessories,Brand_45,1323
341,Product_341,Electronics,Brand_13,1336
342,Product_342,Accessories,Brand_38,1651
343,Product_343,Electronics,Brand_19,1403
344,Product_344,Home,Brand_35,1705
345,Product_345,Electronics,Brand_5,843
346,Product_346,Home,Brand_8,1234
347,Product_347,Home,Brand_8,558
348,Product_348,Accessories,Brand_30,850
349,Product_349,Electronics,Brand_24,169
350,Product_350,Home,Brand_18,986
351,Product_351,Electronics,Brand_29,343
352,Product_352,Accessories,Brand_28,751
353,Product_353,Home,Brand_23,1411
354,Product_354,Electronics,Brand_24,133
355,Product_355,Accessories,Brand_49,1605
356,Product_356,Accessories,Brand_28,551
357,Product_357,Home,Brand_14,213
358,Product_358,Electronics,Brand_26,602
359,Product_359,Home,Brand_14,1930
360,Product_360,Electronics,Brand_13,1244
361,Product_361,Home,Brand_28,1235
362,Product_362,Home,Brand_15,475
363,Product_363,Home,Brand_3,1279
364,Product_364,Electronics,Brand_21,950
365,Product_365,Home,Brand_36,799
366,Product_366,Home,Brand_38,22
367,Product_367,Home,Brand_7,1546
368,Product_368,Accessories,Brand_15,238
369,Product_369,Accessories,Brand_46,682
370,Product_370,Home,Brand_7,204
371,Product_371,Electronics,Brand_17,1585
372,Product_372,Electronics,Brand_35,1093
373,Product_373,Accessories,Brand_32,592
374,Product_374,Accessories,Brand_18,754
375,Product_375,Home,Brand_34,1804
376,Product_376,Accessories,Brand_15,1908
377,Product_377,Electronics,Brand_42,1863
378,Product_378,Home,Brand_50,1401
379,Product_379,Home,Brand_13,1703
380,Product_380,Accessories,Brand_44,1923
381,Product_381,Electronics,Brand_2,1785
382,Product_382,Accessories,Brand_41,255
383,Product_383,Home,Brand_28,1060
384,Product_384,Accessories,Brand_47,378
385,Product_385,Home,Brand_30,956
386,Product_386,Electronics,Brand_14,1062
387,Product_387,Electronics,Brand_44,149
388,Product_388,Electronics,Brand_40,100
389,Product_389,Home,Brand_45,1143
390,Product_390,Home,Brand_50,875
391,Product_391,Home,Brand_45,1465
392,Product_392,Electronics,Brand_22,1790
393,Product_393,Home,Brand_23,855
394,Product_394,Electronics,Brand_46,1980
395,Product_395,Electronics,Brand_50,478
396,Product_396,Accessories,Brand_23,921
397,Product_397,Home,Brand_38,1627
398,Product_398,Accessories,Brand_3,724
399,Product_399,Home,Brand_19,1942
400,Product_400,Accessories,Brand_23,20
401,Product_401,Home,Brand_15,514
402,Product_402,Accessories,Brand_32,1744
403,Product_403,Electronics,Brand_36,1295
404,Product_404,Electronics,Brand_32,1241
405,Product_405,Accessories,Brand_13,27
406,Product_406,Electronics,Brand_20,1199
407,Product_407,Electronics,Brand_21,357
408,Product_408,Home,Brand_48,1672
409,Product_409,Electronics,Brand_48,591
410,Product_410,Home,Brand_43,1250
411,Product_411,Electronics,Brand_11,322
412,Product_412,Accessories,Brand_24,1743
413,Product_413,Home,Brand_25,251
414,Product_414,Electronics,Brand_7,694
415,Product_415,Home,Brand_49,1183
416,Product_416,Electronics,Brand_18,754
417,Product_417,Home,Brand_25,97
418,Product_418,Home,Brand_34,1403
419,Product_419,Accessories,Brand_41,1991
420,Product_420,Home,Brand_30,968
421,Product_421,Accessories,Brand_44,802
422,Product_422,Electronics,Brand_32,604
423,Product_423,Accessories,Brand_29,851
424,Product_424,Electronics,Brand_16,474
425,Product_425,Accessories,Brand_19,951
426,Product_426,Electronics,Brand_26,322
427,Product_427,Electronics,Brand_38,1981
428,Product_428,Home,Brand_38,427
429,Product_429,Electronics,Brand_22,1208
430,Product_430,Electronics,Brand_1,843
431,Product_431,Electronics,Brand_33,1280
432,Product_432,Accessories,Brand_2,1951
433,Product_433,Home,Brand_29,792
434,Product_434,Electronics,Brand_25,477
435,Product_435,Electronics,Brand_29,1814
436,Product_436,Home,Brand_44,417
437,Product_437,Accessories,Brand_24,359
438,Product_438,Electronics,Brand_8,1149
439,Product_439,Home,Brand_12,1475
440,Product_440,Accessories,Brand_43,1390
441,Product_441,Accessories,Brand_45,1264
442,Product_442,Home,Brand_30,1090
443,Product_443,Home,Brand_17,648
444,Product_444,Accessories,Brand_2,1037
445,Product_445,Home,Brand_27,783
446,Product_446,Home,Brand_10,1744
447,Product_447,Accessories,Brand_9,1221
448,Product_448,Home,Brand_23,1368
449,Product_449,Home,Brand_4,1807
450,Product_450,Home,Brand_42,1521
451,Product_451,Accessories,Brand_50,720
452,Product_452,Home,Brand_26,1720
453,Product_453,Electronics,Brand_7,1772
454,Product_454,Accessories,Brand_14,1280
455,Product_455,Home,Brand_21,1287
456,Product_456,Accessories,Brand_50,1652
457,Product_457,Home,Brand_19,1778
458,Product_458,Home,Brand_9,818
459,Product_459,Home,Brand_27,817
460,Product_460,Home,Brand_15,444
461,Product_461,Electronics,Brand_6,702
462,Product_462,Home,Brand_27,1248
463,Product_463,Accessories,Brand_27,361
464,Product_464,Accessories,Brand_31,1111
465,Product_465,Electronics,Brand_8,51
466,Product_466,Electronics,Brand_21,779
467,Product_467,Home,Brand_49,1165
468,Product_468,Electronics,Brand_22,398
469,Product_469,Home,Brand_17,589
470,Product_470,Electronics,Brand_32,133
471,Product_471,Accessories,Brand_30,196
472,Product_472,Electronics,Brand_13,1843
473,Product_473,Home,Brand_5,529
474,Product_474,Home,Brand_14,181
475,Product_475,Home,Brand_22,1344
476,Product_476,Accessories,Brand_49,1342
477,Product_477,Electronics,Brand_30,1970
478,Product_478,Home,Brand_27,1229
479,Product_479,Home,Brand_46,1409
480,Product_480,Home,Brand_40,166
481,Product_481,Accessories,Brand_50,387
482,Product_482,Home,Brand_31,73
483,Product_483,Home,Brand_20,1209
484,Product_484,Electronics,Brand_21,1133
485,Product_485,Home,Brand_28,66
486,Product_486,Electronics,Brand_29,1798
487,Product_487,Accessories,Brand_23,1780
488,Product_488,Home,Brand_23,1955
489,Product_489,Electronics,Brand_4,558
490,Product_490,Accessories,Brand_27,41
491,Product_491,Home,Brand_31,298
492,Product_492,Accessories,Brand_34,64
493,Product_493,Home,Brand_26,581
494,Product_494,Electronics,Brand_5,1774
495,Product_495,Electronics,Brand_1,951
496,Product_496,Electronics,Brand_45,1226
497,Product_497,Accessories,Brand_1,464
498,Product_498,Home,Brand_47,734
499,Product_499,Electronics,Brand_40,1407
500,Product_500,Home,Brand_9,1909
501,Product_501,Electronics,Brand_24,1229
502,Product_502,Home,Brand_6,507
503,Product_503,Electronics,Brand_7,1785
504,Product_504,Accessories,Brand_49,518
505,Product_505,Accessories,Brand_36,1194
506,Product_506,Home,Brand_12,1820
507,Product_507,Home,Brand_48,520
508,Product_508,Home,Brand_5,603
509,Product_509,Home,Brand_24,1428
510,Product_510,Home,Brand_4,66
511,Product_511,Home,Brand_39,1356
512,Product_512,Accessories,Brand_16,988
513,Product_513,Home,Brand_20,231
514,Product_514,Accessories,Brand_8,736
515,Product_515,Electronics,Brand_11,1619
516,Product_516,Home,Brand_45,463
517,Product_517,Home,Brand_31,1229
518,Product_518,Home,Brand_47,41
519,Product_519,Accessories,Brand_30,110
520,Product_520,Electronics,Brand_49,1694
521,Product_521,Home,Brand_10,1005
522,Product_522,Accessories,Brand_41,56
523,Product_523,Home,Brand_33,1783
524,Product_524,Accessories,Brand_4,284
525,Product_525,Electronics,Brand_12,569
526,Product_526,Accessories,Brand_8,617
527,Product_527,Home,Brand_44,1898
528,Product_528,Electronics,Brand_12,788
529,Product_529,Home,Brand_34,263
530,Product_530,Home,Brand_50,1402
531,Product_531,Home,Brand_26,655
532,Product_532,Accessories,Brand_4,1029
533,Product_533,Electronics,Brand_9,1901
534,Product_534,Accessories,Brand_49,699
535,Product_535,Electronics,Brand_42,66
536,Product_536,Home,Brand_26,1178
537,Product_537,Accessories,Brand_36,1446
538,Product_538,Electronics,Brand_24,841
539,Product_539,Home,Brand_50,1220
540,Product_540,Accessories,Brand_23,1281
541,Product_541,Accessories,Brand_40,997
542,Product_542,Home,Brand_44,1592
543,Product_543,Home,Brand_34,612
544,Product_544,Accessories,Brand_34,409
545,Product_545,Accessories,Brand_18,845
546,Product_546,Electronics,Brand_45,899
547,Product_547,Electronics,Brand_19,261
548,Product_548,Home,Brand_44,1824
549,Product_549,Electronics,Brand_34,497
550,Product_550,Electronics,Brand_45,1160
551,Product_551,Home,Brand_11,1622
552,Product_552,Accessories,Brand_20,1424
553,Product_553,Accessories,Brand_40,1375
554,Product_554,Accessories,Brand_40,1679
555,Product_555,Home,Brand_24,601
556,Product_556,Electronics,Brand_46,1954
557,Product_557,Accessories,Brand_39,1809
558,Product_558,Accessories,Brand_20,1817
559,Product_559,Electronics,Brand_2,1546
560,Product_560,Accessories,Brand_12,1966
561,Product_561,Home,Brand_40,1796
562,Product_562,Home,Brand_8,324
563,Product_563,Home,Brand_36,1096
564,Product_564,Home,Brand_7,1877
565,Product_565,Home,Brand_7,931
566,Product_566,Home,Brand_35,736
567,Product_567,Accessories,Brand_20,1891
568,Product_568,Home,Brand_46,140
569,Product_569,Home,Brand_30,1515
570,Product_570,Accessories,Brand_17,1050
571,Product_571,Accessories,Brand_45,270
572,Product_572,Accessories,Brand_21,1876
573,Product_573,Home,Brand_49,923
574,Product_574,Accessories,Brand_14,1112
575,Product_575,Electronics,Brand_14,1289
576,Product_576,Accessories,Brand_50,1657
577,Product_577,Home,Brand_5,415
578,Product_578,Accessories,Brand_37,1504
579,Product_579,Accessories,Brand_43,1099
580,Product_580,Accessories,Brand_22,1158
581,Product_581,Electronics,Brand_43,865
582,Product_582,Electronics,Brand_6,184
583,Product_583,Home,Brand_6,1565
584,Product_584,Home,Brand_38,1337
585,Product_585,Accessories,Brand_22,450
586,Product_586,Electronics,Brand_21,301
587,Product_587,Electronics,Brand_34,281
588,Product_588,Home,Brand_37,207
589,Product_589,Electronics,Brand_50,1667
590,Product_590,Electronics,Brand_25,170
591,Product_591,Accessories,Brand_49,1561
592,Product_592,Electronics,Brand_34,1243
593,Product_593,Electronics,Brand_3,1930
594,Product_594,Accessories,Brand_14,77
595,Product_595,Home,Brand_49,1207
596,Product_596,Home,Brand_12,1357
597,Product_597,Accessories,Brand_28,292
598,Product_598,Accessories,Brand_21,1721
599,Product_599,Electronics,Brand_41,638
600,Product_600,Electronics,Brand_42,1708
601,Product_601,Home,Brand_27,1217
602,Product_602,Accessories,Brand_48,733
603,Product_603,Home,Brand_38,288
604,Product_604,Accessories,Brand_20,1400
605,Product_605,Electronics,Brand_49,254
606,Product_606,Electronics,Brand_31,1027
607,Product_607,Electronics,Brand_49,784
608,Product_608,Home,Brand_20,1956
609,Product_609,Home,Brand_2,231
610,Product_610,Accessories,Brand_1,113
611,Product_611,Electronics,Brand_38,773
612,Product_612,Electronics,Brand_24,349
613,Product_613,Accessories,Brand_3,12
614,Product_614,Home,Brand_3,792
615,Product_615,Home,Brand_39,1550
616,Product_616,Home,Brand_27,521
617,Product_617,Electronics,Brand_3,803
618,Product_618,Home,Brand_41,754
619,Product_619,Electronics,Brand_44,284
620,Product_620,Home,Brand_13,1798
621,Product_621,Electronics,Brand_48,1679
622,Product_622,Accessories,Brand_43,1496
623,Product_623,Home,Brand_40,161
624,Product_624,Accessories,Brand_5,1650
625,Product_625,Accessories,Brand_8,1023
626,Product_626,Accessories,Brand_23,793
627,Product_627,Accessories,Brand_30,830
628,Product_628,Home,Brand_46,1907
629,Product_629,Electronics,Brand_16,141
630,Product_630,Electronics,Brand_38,193
631,Product_631,Accessories,Brand_25,1973
632,Product_632,Home,Brand_28,239
633,Product_633,Electronics,Brand_14,777
634,Product_634,Home,Brand_47,71
635,Product_635,Accessories,Brand_47,1212
636,Product_636,Accessories,Brand_16,649
637,Product_637,Home,Brand_49,874
638,Product_638,Electronics,Brand_11,434
639,Product_639,Accessories,Brand_42,1259
640,Product_640,Accessories,Brand_50,492
641,Product_641,Home,Brand_33,1909
642,Product_642,Electronics,Brand_42,486
643,Product_643,Accessories,Brand_1,512
644,Product_644,Electronics,Brand_31,1540
645,Product_645,Accessories,Brand_12,869
646,Product_646,Home,Brand_20,1094
647,Product_647,Electronics,Brand_28,731
648,Product_648,Electronics,Brand_28,1497
649,Product_649,Home,Brand_47,1376
650,Product_650,Accessories,Brand_39,218
651,Product_651,Accessories,Brand_13,296
652,Product_652,Electronics,Brand_3,925
653,Product_653,Accessories,Brand_34,27
654,Product_654,Accessories,Brand_39,1487
655,Product_655,Home,Brand_50,100
656,Product_656,Electronics,Brand_15,531
657,Product_657,Home,Brand_35,1482
658,Product_658,Home,Brand_32,1326
659,Product_659,Home,Brand_12,696
660,Product_660,Home,Brand_25,561
661,Product_661,Home,Brand_26,1894
662,Product_662,Electronics,Brand_13,272
663,Product_663,Home,Brand_30,1184
664,Product_664,Home,Brand_12,1117
665,Product_665,Electronics,Brand_41,1982
666,Product_666,Home,Brand_23,249
667,Product_667,Accessories,Brand_37,381
668,Product_668,Electronics,Brand_42,1821
669,Product_669,Electronics,Brand_27,1837
670,Product_670,Home,Brand_4,1597
671,Product_671,Electronics,Brand_31,1779
672,Product_672,Accessories,Brand_49,1375
673,Product_673,Electronics,Brand_5,807
674,Product_674,Electronics,Brand_41,1968
675,Product_675,Electronics,Brand_48,231
676,Product_676,Electronics,Brand_21,1502
677,Product_677,Accessories,Brand_20,899
678,Product_678,Home,Brand_15,143
679,Product_679,Home,Brand_16,393
680,Product_680,Electronics,Brand_48,1076
681,Product_681,Accessories,Brand_46,1928
682,Product_682,Home,Brand_23,300
683,Product_683,Electronics,Brand_50,872
684,Product_684,Electronics,Brand_24,1661
685,Product_685,Accessories,Brand_15,760
686,Product_686,Accessories,Brand_24,578
687,Product_687,Home,Brand_1,28
688,Product_688,Accessories,Brand_28,27
689,Product_689,Accessories,Brand_13,1516
690,Product_690,Home,Brand_25,1189
691,Product_691,Accessories,Brand_23,1584
692,Product_692,Home,Brand_32,589
693,Product_693,Accessories,Brand_27,452
694,Product_694,Electronics,Brand_12,399
695,Product_695,Electronics,Brand_3,38
696,Product_696,Accessories,Brand_29,807
697,Product_697,Electronics,Brand_27,1189
698,Product_698,Home,Brand_23,1755
699,Product_699,Home,Brand_16,1632
700,Product_700,Accessories,Brand_12,1515
701,Product_701,Accessories,Brand_45,1368
702,Product_702,Home,Brand_30,688
703,Product_703,Electronics,Brand_14,699
704,Product_704,Electronics,Brand_25,1283
705,Product_705,Home,Brand_12,658
706,Product_706,Accessories,Brand_21,1634
707,Product_707,Accessories,Brand_19,595
708,Product_708,Electronics,Brand_40,1503
709,Product_709,Home,Brand_26,46
710,Product_710,Accessories,Brand_1,268
711,Product_711,Home,Brand_34,1338
712,Product_712,Accessories,Brand_14,1270
713,Product_713,Accessories,Brand_13,1342
714,Product_714,Electronics,Brand_3,804
715,Product_715,Home,Brand_10,1602
716,Product_716,Home,Brand_21,1658
717,Product_717,Electronics,Brand_7,211
718,Product_718,Electronics,Brand_4,628
719,Product_719,Electronics,Brand_3,383
720,Product_720,Accessories,Brand_12,1924
721,Product_721,Home,Brand_37,1894
722,Product_722,Home,Brand_4,1582
723,Product_723,Home,Brand_37,526
724,Product_724,Home,Brand_12,109
725,Product_725,Home,Brand_2,726
726,Product_726,Electronics,Brand_1,1198
727,Product_727,Electronics,Brand_16,1808
728,Product_728,Electronics,Brand_50,1712
729,Product_729,Accessories,Brand_34,1532
730,Product_730,Electronics,Brand_26,281
731,Product_731,Electronics,Brand_21,622
732,Product_732,Electronics,Brand_33,1900
733,Product_733,Home,Brand_36,601
734,Product_734,Home,Brand_36,1521
735,Product_735,Home,Brand_16,150
736,Product_736,Accessories,Brand_1,171
737,Product_737,Electronics,Brand_37,291
738,Product_738,Home,Brand_40,831
739,Product_739,Accessories,Brand_37,1825
740,Product_740,Electronics,Brand_33,1628
741,Product_741,Electronics,Brand_3,1569
742,Product_742,Electronics,Brand_26,506
743,Product_743,Electronics,Brand_8,1075
744,Product_744,Home,Brand_45,1515
745,Product_745,Home,Brand_36,1400
746,Product_746,Accessories,Brand_9,1123
747,Product_747,Accessories,Brand_45,519
748,Product_748,Accessories,Brand_30,1965
749,Product_749,Electronics,Brand_31,823
750,Product_750,Electronics,Brand_15,190
751,Product_751,Home,Brand_3,1227
752,Product_752,Electronics,Brand_33,816
753,Product_753,Home,Brand_41,513
754,Product_754,Electronics,Brand_24,349
755,Product_755,Accessories,Brand_28,655
756,Product_756,Electronics,Brand_18,311
757,Product_757,Electronics,Brand_31,48
758,Product_758,Accessories,Brand_10,160
759,Product_759,Home,Brand_9,874
760,Product_760,Electronics,Brand_38,1849
761,Product_761,Electronics,Brand_50,1444
762,Product_762,Electronics,Brand_20,1616
763,Product_763,Accessories,Brand_2,274
764,Product_764,Accessories,Brand_2,1171
765,Product_765,Accessories,Brand_23,1410
766,Product_766,Electronics,Brand_19,1200
767,Product_767,Accessories,Brand_40,1959
768,Product_768,Accessories,Brand_38,1520
769,Product_769,Electronics,Brand_41,705
770,Product_770,Electronics,Brand_26,913
771,Product_771,Electronics,Brand_9,112
772,Product_772,Home,Brand_1,502
773,Product_773,Accessories,Brand_3,118
774,Product_774,Electronics,Brand_18,253
775,Product_775,Home,Brand_33,764
776,Product_776,Accessories,Brand_34,312
777,Product_777,Accessories,Brand_17,244
778,Product_778,Electronics,Brand_38,455
779,Product_779,Accessories,Brand_48,211
780,Product_780,Accessories,Brand_32,1687
781,Product_781,Home,Brand_49,45
782,Product_782,Electronics,Brand_24,1575
783,Product_783,Home,Brand_33,1610
784,Product_784,Accessories,Brand_33,1718
785,Product_785,Accessories,Brand_20,1208
786,Product_786,Accessories,Brand_4,1267
787,Product_787,Home,Brand_12,1643
788,Product_788,Electronics,Brand_9,102
789,Product_789,Home,Brand_11,820
790,Product_790,Accessories,Brand_37,1372
791,Product_791,Home,Brand_27,1496
792,Product_792,Electronics,Brand_18,1074
793,Product_793,Electronics,Brand_25,1982
794,Product_794,Accessories,Brand_16,1382
795,Product_795,Accessories,Brand_35,1580
796,Product_796,Electronics,Brand_20,931
797,Product_797,Home,Brand_6,361
798,Product_798,Home,Brand_33,661
799,Product_799,Home,Brand_47,65
800,Product_800,Accessories,Brand_13,122
801,Product_801,Accessories,Brand_4,780
802,Product_802,Home,Brand_13,1833
803,Product_803,Accessories,Brand_7,970
804,Product_804,Accessories,Brand_40,1767
805,Product_805,Accessories,Brand_40,1639
806,Product_806,Accessories,Brand_19,73
807,Product_807,Home,Brand_38,1371
808,Product_808,Accessories,Brand_12,1155
809,Product_809,Accessories,Brand_17,1580
810,Product_810,Electronics,Brand_6,247
811,Product_811,Home,Brand_7,178
812,Product_812,Home,Brand_37,1564
813,Product_813,Electronics,Brand_27,1711
814,Product_814,Home,Brand_47,440
815,Product_815,Electronics,Brand_29,1370
816,Product_816,Home,Brand_42,1558
817,Product_817,Home,Brand_30,1994
818,Product_818,Accessories,Brand_40,1720
819,Product_819,Home,Brand_3,374
820,Product_820,Accessories,Brand_15,294
821,Product_821,Home,Brand_35,679
822,Product_822,Electronics,Brand_49,1273
823,Product_823,Home,Brand_19,1713
824,Product_824,Electronics,Brand_20,773
825,Product_825,Home,Brand_24,1930
826,Product_826,Home,Brand_24,401
827,Product_827,Electronics,Brand_49,1715
828,Product_828,Home,Brand_1,1414
829,Product_829,Accessories,Brand_27,107
830,Product_830,Home,Brand_42,1024
831,Product_831,Home,Brand_34,657
832,Product_832,Electronics,Brand_9,1101
833,Product_833,Home,Brand_29,761
834,Product_834,Accessories,Brand_1,55
835,Product_835,Accessories,Brand_7,30
836,Product_836,Electronics,Brand_5,976
837,Product_837,Home,Brand_17,1695
838,Product_838,Home,Brand_33,262
839,Product_839,Home,Brand_38,113
840,Product_840,Home,Brand_47,794
841,Product_841,Home,Brand_15,1431
842,Product_842,Electronics,Brand_3,648
843,Product_843,Electronics,Brand_48,245
844,Product_844,Home,Brand_42,651
845,Product_845,Electronics,Brand_23,1437
846,Product_846,Accessories,Brand_8,572
847,Product_847,Accessories,Brand_49,847
848,Product_848,Home,Brand_40,1130
849,Product_849,Home,Brand_9,526
850,Product_850,Home,Brand_31,290
851,Product_851,Accessories,Brand_16,1962
852,Product_852,Accessories,Brand_2,649
853,Product_853,Electronics,Brand_36,1898
854,Product_854,Electronics,Brand_29,345
855,Product_855,Accessories,Brand_13,1050
856,Product_856,Electronics,Brand_36,546
857,Product_857,Accessories,Brand_11,1636
858,Product_858,Electronics,Brand_27,1806
859,Product_859,Accessories,Brand_1,1059
860,Product_860,Home,Brand_35,228
861,Product_861,Accessories,Brand_39,1326
862,Product_862,Home,Brand_7,876
863,Product_863,Accessories,Brand_24,530
864,Product_864,Accessories,Brand_47,1127
865,Product_865,Electronics,Brand_33,777
866,Product_866,Electronics,Brand_8,1988
867,Product_867,Home,Brand_11,1635
868,Product_868,Home,Brand_8,100
869,Product_869,Home,Brand_21,1311
870,Product_870,Electronics,Brand_16,1582
871,Product_871,Electronics,Brand_11,730
872,Product_872,Accessories,Brand_29,796
873,Product_873,Electronics,Brand_40,1420
874,Product_874,Home,Brand_2,1233
875,Product_875,Accessories,Brand_49,103
876,Product_876,Accessories,Brand_31,674
877,Product_877,Accessories,Brand_47,1743
878,Product_878,Electronics,Brand_37,1814
879,Product_879,Accessories,Brand_27,1319
880,Product_880,Home,Brand_30,1419
881,Product_881,Home,Brand_16,566
882,Product_882,Accessories,Brand_28,167
883,Product_883,Home,Brand_18,699
884,Product_884,Electronics,Brand_4,853
885,Product_885,Home,Brand_24,930
886,Product_886,Home,Brand_40,623
887,Product_887,Home,Brand_5,1695
888,Product_888,Accessories,Brand_1,580
889,Product_889,Electronics,Brand_19,1269
890,Product_890,Accessories,Brand_37,257
891,Product_891,Home,Brand_36,1772
892,Product_892,Home,Brand_11,1580
893,Product_893,Accessories,Brand_40,1394
894,Product_894,Home,Brand_47,1096
895,Product_895,Accessories,Brand_10,1138
896,Product_896,Home,Brand_47,799
897,Product_897,Electronics,Brand_4,1072
898,Product_898,Home,Brand_50,807
899,Product_899,Electronics,Brand_3,1973
900,Product_900,Electronics,Brand_23,35
901,Product_901,Home,Brand_36,16
902,Product_902,Home,Brand_46,1176
903,Product_903,Accessories,Brand_29,290
904,Product_904,Accessories,Brand_2,1878
905,Product_905,Electronics,Brand_28,580
906,Product_906,Home,Brand_31,915
907,Product_907,Electronics,Brand_45,1480
908,Product_908,Home,Brand_41,1778
909,Product_909,Electronics,Brand_32,927
910,Product_910,Electronics,Brand_46,1122
911,Product_911,Accessories,Brand_25,453
912,Product_912,Home,Brand_14,862
913,Product_913,Home,Brand_46,645
914,Product_914,Accessories,Brand_26,535
915,Product_915,Electronics,Brand_16,20
916,Product_916,Electronics,Brand_29,1635
917,Product_917,Electronics,Brand_38,751
918,Product_918,Electronics,Brand_32,514
919,Product_919,Electronics,Brand_41,375
920,Product_920,Home,Brand_4,149
921,Product_921,Accessories,Brand_17,855
922,Product_922,Accessories,Brand_15,1199
923,Product_923,Electronics,Brand_50,1337
924,Product_924,Home,Brand_15,781
925,Product_925,Home,Brand_13,1968
926,Product_926,Accessories,Brand_7,917
927,Product_927,Home,Brand_47,767
928,Product_928,Electronics,Brand_30,980
929,Product_929,Accessories,Brand_34,880
930,Product_930,Accessories,Brand_18,1081
931,Product_931,Home,Brand_4,1321
932,Product_932,Accessories,Brand_37,429
933,Product_933,Accessories,Brand_28,1620
934,Product_934,Home,Brand_4,1323
935,Product_935,Electronics,Brand_27,602
936,Product_936,Electronics,Brand_17,110
937,Product_937,Electronics,Brand_3,1424
938,Product_938,Electronics,Brand_14,1257
939,Product_939,Home,Brand_13,1858
940,Product_940,Home,Brand_38,1415
941,Product_941,Electronics,Brand_4,497
942,Product_942,Home,Brand_10,1264
943,Product_943,Electronics,Brand_26,764
944,Product_944,Accessories,Brand_34,1871
945,Product_945,Electronics,Brand_27,1638
946,Product_946,Home,Brand_43,892
947,Product_947,Electronics,Brand_34,396
948,Product_948,Home,Brand_36,1075
949,Product_949,Electronics,Brand_50,1796
950,Product_950,Electronics,Brand_16,1734
951,Product_951,Electronics,Brand_26,527
952,Product_952,Accessories,Brand_32,56
953,Product_953,Accessories,Brand_40,1990
954,Product_954,Home,Brand_38,1266
955,Product_955,Accessories,Brand_13,535
956,Product_956,Home,Brand_43,798
957,Product_957,Accessories,Brand_27,563
958,Product_958,Electronics,Brand_34,1623
959,Product_959,Home,Brand_50,1852
960,Product_960,Accessories,Brand_8,818
961,Product_961,Home,Brand_46,1861
962,Product_962,Accessories,Brand_5,1229
963,Product_963,Accessories,Brand_14,1761
964,Product_964,Accessories,Brand_5,776
965,Product_965,Electronics,Brand_2,1267
966,Product_966,Accessories,Brand_45,1549
967,Product_967,Electronics,Brand_2,1755
968,Product_968,Accessories,Brand_43,936
969,Product_969,Home,Brand_46,19
970,Product_970,Home,Brand_46,268
971,Product_971,Electronics,Brand_37,1521
972,Product_972,Accessories,Brand_33,1260
973,Product_973,Accessories,Brand_39,1777
974,Product_974,Accessories,Brand_3,593
975,Product_975,Accessories,Brand_27,1849
976,Product_976,Home,Brand_8,1696
977,Product_977,Home,Brand_44,243
978,Product_978,Electronics,Brand_9,1646
979,Product_979,Electronics,Brand_28,487
980,Product_980,Home,Brand_35,1456
981,Product_981,Electronics,Brand_38,85
982,Product_982,Electronics,Brand_2,1327
983,Product_983,Electronics,Brand_45,108
984,Product_984,Accessories,Brand_11,1140
985,Product_985,Accessories,Brand_14,423
986,Product_986,Accessories,Brand_8,677
987,Product_987,Electronics,Brand_40,970
988,Product_988,Accessories,Brand_25,1012
989,Product_989,Accessories,Brand_6,1881
990,Product_990,Home,Brand_37,480
991,Product_991,Home,Brand_18,1932
992,Product_992,Electronics,Brand_43,372
993,Product_993,Accessories,Brand_45,1434
994,Product_994,Electronics,Brand_20,1044
995,Product_995,Home,Brand_33,1940
996,Product_996,Accessories,Brand_31,1232
997,Product_997,Electronics,Brand_21,384
998,Product_998,Accessories,Brand_28,1848
999,Product_999,Accessories,Brand_34,544
1000,Product_1000,Home,Brand_16,1137
